"description","_col1"
"PLASTERS IN TIN CIRCUS PARADE ","53"
"BLUE PAISLEY POCKET BOOK","2"
"PAINTED METAL PEARS ASSORTED","2"
"FRENCH GARDEN SIGN BLUE METAL","1"
"PACK OF 12 CIRCUS PARADE TISSUES ","5"
"CHRISTMAS RETROSPOT STAR WOOD","2"
"RED DAISY PAPER LAMPSHADE","1"
"CHRISTMAS TABLE SILVER CANDLE SPIKE","1"
"EMBROIDERED RIBBON REEL ROSIE","1"
"RETROSPOT GIANT TUBE MATCHES","1"
"LUNCH BAG  BLACK SKULL.","11"
"CUTE CATS TAPE","7"
"RED RETROSPOT OVEN GLOVE ","18"
"TRADITIONAL WOODEN SKIPPING ROPE","3"
"RED 3 PIECE RETROSPOT CUTLERY SET","5"
"VINTAGE BILLBOARD LOVE/HATE MUG","2"
"WHITE SPOT BLUE CERAMIC DRAWER KNOB","16"
"DINOSAUR KEYRINGS ASSORTED","3"
"COSY SLIPPER SHOES SMALL GREEN","2"
"DOORMAT SPOTTY HOME SWEET HOME","1"
"RED POLKADOT COFFEE  MUG","2"
"GREEN DRAWER KNOB ACRYLIC EDWARDIAN","2"
"WOODLAND STORAGE BOX LARGE ","5"
"TOY TIDY PINK POLKADOT","5"
"CHARLIE & LOLA WASTEPAPER BIN BLUE","3"
"REGENCY TEAPOT ROSES ","4"
"PARTY CHARMS 50 PIECES","1"
"WRAP 50'S  CHRISTMAS","8"
"BLUE PARTY BAGS ","5"
"SET OF 4 FAIRY CAKE PLACEMATS ","3"
"RUBY GLASS CLUSTER BRACELET","2"
"PINK  HONEYCOMB PAPER FAN","2"
"3 STRIPEY MICE FELTCRAFT","5"
"TOAST ITS - HAPPY BIRTHDAY","1"
"HANGING HEART JAR T-LIGHT HOLDER","1"
"FAIRY CAKE FLANNEL ASSORTED COLOUR","4"
"DRAWER KNOB CRACKLE GLAZE IVORY","3"
"6 RIBBONS EMPIRE  ","4"
"FELT EGG COSY CHICKEN","2"
"ASSTD DESIGN RACING CAR PEN","2"
"ROCKING HORSE GREEN CHRISTMAS ","3"
"LOVE HOT WATER BOTTLE","3"
"COFFEE MUG CAT + BIRD DESIGN","1"
"RED STRIPE CERAMIC DRAWER KNOB","22"
"GREEN POLKADOT BOWL","10"
"PACK OF 20 NAPKINS PANTRY DESIGN","28"
"SET/6 RED SPOTTY PAPER CUPS","23"
"SET/6 RED SPOTTY PAPER PLATES","25"
"BROCANTE COAT RACK","5"
"POPPY'S PLAYHOUSE KITCHEN","9"
"CIRCUS PARADE BABY GIFT SET","6"
"MULTICOLOUR HONEYCOMB FAN","3"
"VINTAGE DOILY JUMBO BAG RED ","2"
"MONEY BOX BISCUITS DESIGN","1"
"ROCOCO WALL MIRROR WHITE","1"
"GINGHAM HEART DECORATION","2"
"I'M ON HOLIDAY METAL SIGN","1"
"BUBBLEGUM RING ASSORTED","1"
"BUNDLE OF 3 SCHOOL EXERCISE BOOKS  ","7"
"RED RETROSPOT TAPE","16"
"JUMBO STORAGE BAG SUKI","12"
"RED RETROSPOT UMBRELLA","15"
"WALL ART STOP FOR TEA ","1"
"WRAP CIRCUS PARADE","7"
"SET/6 FRUIT SALAD PAPER CUPS","10"
"ROUND CONTAINER SET OF 5 RETROSPOT","16"
"PARTY CONES CANDY ASSORTED","5"
"AIRLINE BAG VINTAGE JET SET RED","2"
"FRYING PAN UNION FLAG","1"
"WRAP ENGLISH ROSE ","3"
"ZINC METAL HEART DECORATION","1"
"PARTY PIZZA DISH BLUE POLKADOT","2"
"ROSE DU SUD DRAWSTRING BAG","1"
" 50'S CHRISTMAS GIFT BAG LARGE","5"
"LARGE WHITE HEART OF WICKER","1"
"FILIGREE HEART DAISY WHITE","1"
"HAND WARMER RED RETROSPOT","2"
"WOOD STAMP SET BEST WISHES","1"
"DOORMAT NEIGHBOURHOOD WITCH ","3"
"BLUE POLKADOT EGG CUP ","1"
"HOT BATHS SOAP HOLDER","3"
"TEA FOR ONE POLKADOT","1"
"BEADED CHANDELIER T-LIGHT HOLDER","1"
"RED GINGHAM ROSE JEWELLERY BOX","14"
"12 PENCILS SMALL TUBE RED RETROSPOT","6"
"JUMBO BAG PEARS","14"
"SINGLE HEART ZINC T-LIGHT HOLDER","2"
"BOX OF 6 MINI 50'S CRACKERS","10"
"BLUE VINTAGE SPOT BEAKER","14"
"ZINC HEART LATTICE T-LIGHT HOLDER","1"
"PANTRY 3 HOOK ROLLING PIN HANGER","2"
"SET/3 OCEAN SCENT CANDLE JEWEL BOX","1"
"CHEST OF DRAWERS GINGHAM HEART ","1"
"RED TEA TOWEL CLASSIC DESIGN","1"
"TRADITIONAL NAUGHTS & CROSSES","4"
"CAKE STAND LOVEBIRD 2 TIER WHITE","7"
"FAWN BLUE HOT WATER BOTTLE","26"
"BUNDLE OF 3 RETRO NOTE BOOKS","7"
"BUNDLE OF 3 ALPHABET EXERCISE BOOKS","9"
"CHILDRENS CUTLERY DOLLY GIRL ","22"
"RED KITCHEN SCALES","27"
"WOODLAND DESIGN  COTTON TOTE BAG","21"
"3 HOOK PHOTO SHELF ANTIQUE WHITE","8"
"ORGANISER WOOD ANTIQUE WHITE ","5"
"BOX OF 6 MINI VINTAGE CRACKERS","5"
"FLORAL FOLK STATIONERY SET","4"
"CANDLE HOLDER SILVER MADELINE","1"
"GINGERBREAD MAN COOKIE CUTTER","11"
"RED ENAMEL FLOWER RING","1"
"ADULT APRON APPLE DELIGHT","2"
"SET OF 4 ENGLISH ROSE PLACEMATS","2"
"TINY CRYSTAL BRACELET GREEN","1"
"UNION STRIPE CUSHION COVER ","1"
"BUNNY WOODEN PAINTED WITH BIRD ","1"
"LIPSTICK PEN BABY PINK","1"
"SET 10 LIGHTS NIGHT OWL","5"
"BLUE HAPPY BIRTHDAY BUNTING","14"
"COFFEE MUG APPLES DESIGN","28"
"INFLATABLE POLITICAL GLOBE ","1"
"BISCUIT TIN 50'S CHRISTMAS","15"
"CLASSIC CHROME BICYCLE BELL ","2"
"BEWARE OF THE CAT METAL SIGN ","5"
"JUMBO BAG SPACEBOY DESIGN","14"
"PINK OWL SOFT TOY","12"
"RECIPE BOX BLUE SKETCHBOOK DESIGN","5"
"STOOL HOME SWEET HOME ","3"
"MILK PAN RED RETROSPOT","6"
"SET OF 3 BIRD LIGHT PINK FEATHER ","1"
"HANGING MINI COLOURED BOTTLES","1"
"SHELF WITH 4 HOOKS HOME SWEET HOME","1"
"CERAMIC BOWL WITH LOVE HEART DESIGN","2"
"LARGE WHITE/PINK ROSE ART FLOWER","1"
"MINI JIGSAW PURDEY","1"
"GINGHAM BABUSHKA DOORSTOP","2"
"CHILDS GARDEN RAKE BLUE","1"
"SET 12 KIDS COLOUR  CHALK STICKS","7"
"CHRISTMAS GINGHAM TREE","3"
"FELTCRAFT GIRL AMELIE KIT","8"
"SET OF 60 VINTAGE LEAF CAKE CASES ","13"
"PLAYING CARDS I LOVE LONDON ","1"
"PAPER CHAIN KIT 50'S CHRISTMAS ","4"
"WATERING CAN BLUE ELEPHANT","13"
"LUNCH BOX I LOVE LONDON","6"
"36 FOIL STAR CAKE CASES ","2"
"SET OF 16 VINTAGE RED CUTLERY","3"
"PACK OF 12 RED RETROSPOT TISSUES ","11"
"SET OF 6 KASHMIR FOLKART BAUBLES","1"
"SOAP DISH BROCANTE","1"
"FOOD CONTAINER SET 3 LOVE HEART ","3"
"RECYCLED ACAPULCO MAT TURQUOISE","10"
"GLASS CHALICE BLUE SMALL ","1"
"MINIATURE ANTIQUE ROSE HOOK IVORY","3"
"SET 12 COLOUR PENCILS SPACEBOY ","3"
"IVORY DINER WALL CLOCK","5"
"BLUE POLKADOT BOWL","15"
"FAIRY CAKES NOTEBOOK A7 SIZE","1"
"PACK OF 6 SKULL PAPER PLATES","7"
"ANTIQUE GLASS PEDESTAL BOWL","2"
"BLUE STRIPE CERAMIC DRAWER KNOB","14"
"ASSORTED COLOUR BIRD ORNAMENT","11"
"LARGE CHINESE STYLE SCISSOR","5"
"FELT EGG COSY LADYBIRD ","1"
"SET OF 36 DOILIES SPACEBOY DESIGN ","3"
"DOORSTOP RACING CAR DESIGN","1"
"SET/4 SKULL BADGES","1"
"RETRO LEAVES MAGNETIC NOTEPAD","1"
"WOODEN SCHOOL COLOURING SET","3"
"BULL DOG BOTTLE OPENER","3"
"CHICK GREY HOT WATER BOTTLE","12"
"CABIN BAG VINTAGE RETROSPOT","8"
"CERAMIC CAKE DESIGN SPOTTED PLATE","8"
"OVEN MITT APPLES DESIGN","15"
"BLUE POLKADOT LUGGAGE TAG ","2"
"STRAWBERRY CHARLOTTE BAG","14"
"KIDS RAIN MAC BLUE","2"
"ENGLISH ROSE SMALL SCENTED FLOWER","1"
"20 DOLLY PEGS RETROSPOT","4"
"WRAP FOLK ART","1"
"SET OF 4 KNICK KNACK TINS LEAVES ","3"
"TRIPLE PHOTO FRAME CORNICE ","1"
"DISCO BALL CHRISTMAS DECORATION","1"
"JUMBO BAG RED RETROSPOT","35"
"SET 6 PAPER TABLE LANTERN HEARTS ","3"
"MINI CAKE STAND WITH HANGING CAKES","4"
"3 HOOK HANGER MAGIC GARDEN","18"
"GIANT 50'S CHRISTMAS CRACKER","4"
"ACRYLIC GEOMETRIC LAMP","1"
"HANGING  BUTTERFLY T-LIGHT HOLDER","1"
"SCOTTIES DESIGN WASHBAG","1"
"FAWN AND MUSHROOM GREETING CARD","3"
"MINI WOODEN HAPPY BIRTHDAY GARLAND","1"
"PAPER CHAIN KIT RETROSPOT","3"
"ASSORTED COLOURS SILK FAN","9"
"GREEN CHRISTMAS TREE CARD HOLDER","1"
"NATURAL SLATE HEART CHALKBOARD ","1"
"BLUE SAVANNAH PICNIC HAMPER FOR 2","1"
"IVORY CHANDELIER T-LIGHT HOLDER","1"
"STORAGE TIN VINTAGE DOILY ","15"
"SET OF 72 RETROSPOT PAPER  DOILIES","20"
"STORAGE TIN VINTAGE LEAF","6"
"SMALL POP BOX FUNKY MONKEY","1"
"RED WOOLLY HOTTIE WHITE HEART.","3"
"WRAP COWBOYS  ","4"
"VINTAGE KID DOLLY CARD ","2"
"PAPER BUNTING COLOURED LACE","3"
"WOODEN BOX OF DOMINOES","2"
"EIGHT PIECE DINOSAUR SET","1"
"WOODLAND CHARLOTTE BAG","58"
"ROTATING SILVER ANGELS T-LIGHT HLDR","4"
"PINK BLUE FELT CRAFT TRINKET BOX","8"
"BOX OF VINTAGE ALPHABET BLOCKS","1"
"TWO DOOR CURIO CABINET","1"
"WHITE STITCHED WALL CLOCK","1"
"MAGNETS PACK OF 4 RETRO PHOTO","5"
"DINOSAUR LUNCH BOX WITH CUTLERY","5"
"ROMANTIC PINKS RIBBONS ","10"
"SLEEPING CAT ERASERS","5"
"RECYCLED ACAPULCO MAT GREEN","10"
"JIGSAW TOADSTOOLS 3 PIECE","2"
"WOODEN HEART CHRISTMAS SCANDINAVIAN","2"
"BOTANICAL LAVENDER BIRTHDAY CARD","1"
"SWEETHEART CAKESTAND 3 TIER","1"
"PANDA AND BUNNIES STICKER SHEET","2"
"OPEN CLOSED METAL SIGN","2"
"ENGLISH ROSE NOTEBOOK A7 SIZE","2"
"DOLLY GIRL CHILDRENS CUP","12"
"VINTAGE DOILY DELUXE SEWING KIT ","8"
"FRENCH ENAMEL POT W LID","5"
"ENAMEL PINK COFFEE CONTAINER","5"
"SKULL AND CROSSBONES  GARLAND ","3"
"36 DOILIES DOLLY GIRL","3"
"POPPY'S PLAYHOUSE BATHROOM","5"
"WOODEN HAPPY BIRTHDAY GARLAND","3"
"CANDY SPOT HAND BAG","1"
"FELTCRAFT CUSHION OWL","5"
"RED/CREAM STRIPE CUSHION COVER ","1"
"LONDON BUS COFFEE MUG","2"
"CHILDS GARDEN TROWEL BLUE ","1"
"CHILDS GARDEN TROWEL PINK","1"
"VICTORIAN SEWING BOX MEDIUM","3"
"GIFT BAG PSYCHEDELIC APPLES","3"
"DAISY HAIR BAND","1"
"RECYCLING BAG RETROSPOT ","9"
"SET OF 60 I LOVE LONDON CAKE CASES ","12"
"SET OF 10 LED DOLLY LIGHTS","12"
"SET 3 SONG BIRD PAPER EGGS ASSORTED","2"
"CHILDS BREAKFAST SET SPACEBOY ","17"
"CHILDREN'S SPACEBOY MUG","14"
"SET OF 36 TEATIME PAPER DOILIES","6"
"SET OF 36 DOILIES PANTRY DESIGN","8"
"RED RETROSPOT BOWL","20"
"GLASS BON BON JAR","1"
"BRIGHT BLUES RIBBONS ","5"
"PARISIENNE CURIO CABINET","5"
"ILLUSTRATED CAT BOWL ","3"
"SMALL SQUARE CUT GLASS CANDLESTICK","1"
"RED RETROSPOT PUDDING BOWL","2"
"LAVENDER SCENTED FABRIC HEART","1"
"FOLDING UMBRELLA PINKWHITE POLKADOT","2"
"ASSORTED TUTTI FRUTTI PEN","1"
"PACK OF 12 WOODLAND TISSUES ","18"
"LE GRAND TRAY CHIC SET","1"
"SET OF 6 HERB TINS SKETCHBOOK","6"
"PINK BABY BUNTING","7"
"CUSHION COVER PINK UNION JACK","1"
"WHITE ROCKING HORSE HAND PAINTED","5"
"BIRDCAGE DECORATION TEALIGHT HOLDER","1"
"LARGE CAKE STAND HANGING HEARTS","2"
"PING MICROWAVE APRON","3"
"TRAVEL SEWING KIT","14"
"MULTICOLOUR  CONFETTI IN TUBE","2"
"MAGNETS PACK OF 4 CHILDHOOD MEMORY","5"
"PACK OF 12 SKULL TISSUES","8"
"PINK DISCO HANDBAG","1"
"WHITE CANDYSTUFT ARTIFICIAL FLOWER","1"
"CHRISTMAS RETROSPOT ANGEL WOOD","2"
"DRAWER KNOB VINTAGE GLASS BALL","1"
"BLUE DINER WALL CLOCK","4"
"PAPER BUNTING VINTAGE PARTY","1"
"REGENCY TEA SPOON","3"
"FOLKART ZINC HEART CHRISTMAS DEC","1"
"HANGING JAM JAR T-LIGHT HOLDER","1"
"DRAWER KNOB CRACKLE GLAZE PINK","5"
"TOOL BOX SOFT TOY ","2"
"ZINC T-LIGHT HOLDER STARS SMALL","2"
"RED BABY BUNTING ","3"
"PINK POLKADOT GARDEN PARASOL","1"
"GREEN ENAMEL FLOWER RING","1"
"SET OF 6 STRAWBERRY CHOPSTICKS","4"
"JIGSAW TREE WITH BIRDHOUSE","3"
"ALPHABET STENCIL CRAFT","3"
"GYMKHANA TREASURE BOOK BOX","3"
"BUFFALO BILL TREASURE BOOK BOX","2"
"CHERUB HEART DECORATION GOLD","1"
"PLAYING CARDS VINTAGE DOILY ","1"
"GLASS JAR PEACOCK BATH SALTS","1"
"SET OF SALT AND PEPPER TOADSTOOLS","15"
"JUMBO BAG APPLES","30"
"PACK OF 72 SKULL CAKE CASES","10"
"SET/6 FRUIT SALAD  PAPER PLATES","9"
"MINI LADLE LOVE HEART RED ","4"
"RED RETROSPOT SHOPPER BAG","11"
"WRAP ALPHABET POSTER  ","2"
"CHILDRENS CUTLERY SPACEBOY ","21"
"TOADSTOOL BEDSIDE LIGHT ","4"
"WHITE GOOSE FEATHER TREE 60CM ","1"
"HAND WARMER BABUSHKA DESIGN","5"
"PINK HORSE SOCK PUPPET","2"
" SPACEBOY BABY GIFT SET","5"
"COLOURING PENCILS BROWN TUBE","1"
"STRAWBERRY DREAM CHILDS UMBRELLA","2"
"MOODY BOY  DOOR HANGER ","1"
"TOY TIDY DOLLY GIRL DESIGN","1"
"BAKING MOULD CHOCOLATE CUPCAKES","7"
"CARD PARTY GAMES ","5"
"PLASTERS IN TIN SPACEBOY","49"
"ROUND SNACK BOXES SET OF 4 FRUITS ","73"
"SET OF 4 FAIRY CAKE PLACEMATS","3"
"RED RETROSPOT CAKE STAND","19"
"JUMBO SHOPPER VINTAGE RED PAISLEY","9"
"GIN + TONIC DIET METAL SIGN","2"
"BROCANTE SHELF WITH HOOKS","2"
"TEA PARTY BIRTHDAY CARD","6"
"SET/5 RED RETROSPOT LID GLASS BOWLS","13"
"PACK OF 12 VINTAGE DOILY TISSUES","3"
"PANTRY HOOK SPATULA","1"
"VINTAGE CHRISTMAS GIFT BAG LARGE ","1"
"DOILY THANK YOU CARD","1"
"EIGHT PIECE SNAKE  SET","2"
"PINK/PURPLE RETRO RADIO","1"
"RED SPOT CERAMIC DRAWER KNOB","14"
"BLUE HARMONICA IN BOX ","19"
"HAND WARMER OWL DESIGN","11"
"FOLDING UMBRELLA BLACKBLUE POLKADOT","1"
"CARD CHRISTMAS VILLAGE","4"
"VINTAGE BEAD PINK SCARF ","1"
"BLUE DRAWER KNOB ACRYLIC EDWARDIAN","3"
"PLACE SETTING WHITE HEART","1"
"PHARMACIE FIRST AID TIN","4"
"CHILDRENS DOLLY GIRL MUG","2"
"HEADS AND TAILS SPORTING FUN","1"
"GIRAFFE WOODEN RULER","6"
"BLACK CHRISTMAS TREE 120CM","2"
"BREAD BIN DINER STYLE IVORY","13"
"ENAMEL MEASURING JUG CREAM","1"
"ANT COPPER PINK BOUDICCA BRACELET","1"
"FUSCHIA TABLE RUN FLOWER ","1"
"PACK OF 6 SANDCASTLE FLAGS ASSORTED","1"
"3D CHRISTMAS STAMPS STICKERS ","2"
"IVORY RETRO KITCHEN WALL CLOCK","1"
"BLUE KNITTED EGG COSY","2"
"WOODEN REGATTA BUNTING","1"
"WOODLAND LARGE RED FELT HEART","2"
"SET/20 RED RETROSPOT PAPER NAPKINS ","26"
"DRAWER KNOB CRACKLE GLAZE BLUE","3"
"METAL DECORATION NAUGHTY CHILDREN ","2"
"PINK  POLKADOT CUP","18"
"CANDY SPOT EGG WARMER HARE","2"
"PACK OF 6 COCKTAIL PARASOL STRAWS","1"
"CHARLIE LOLA BLUE HOT WATER BOTTLE ","1"
"GLASS CHALICE GREEN  LARGE ","1"
"ROSE DU SUD OVEN GLOVE","2"
"LUNCH BOX WITH CUTLERY RETROSPOT ","32"
"SCANDINAVIAN REDS RIBBONS","21"
"METAL SIGN TAKE IT OR LEAVE IT ","2"
"RED SPOTTY BISCUIT TIN","7"
"SET OF 4 KNICK KNACK TINS LONDON ","7"
"BOX OF 24 COCKTAIL PARASOLS","8"
"POLKADOT RAIN HAT ","3"
"CERAMIC CAKE BOWL + HANGING CAKES","9"
"BLUE COAT RACK PARIS FASHION","5"
"HOME SWEET HOME METAL SIGN ","5"
"ALARM CLOCK BAKELIKE CHOCOLATE","10"
"ICE CREAM SUNDAE LIP GLOSS","3"
"PAPER BUNTING RETROSPOT","13"
"SET OF 4 PANTRY JELLY MOULDS","17"
"PARTY PIZZA DISH PINK POLKADOT","3"
"GLASS CLOCHE LARGE","2"
"SUKI  SHOULDER BAG","4"
"MONEY BOX POCKET MONEY DESIGN","1"
"PACK OF 6 PANNETONE GIFT BOXES","3"
"WOODLAND  HEIGHT CHART STICKERS ","16"
"DOLLY GIRL LUNCH BOX","11"
"RETROSPOT CHILDRENS APRON","13"
"CHARLOTTE BAG APPLES DESIGN","30"
"WRAP MONSTER FUN ","2"
"ANTIQUE SILVER T-LIGHT GLASS","4"
"SET OF 4 NAPKIN CHARMS CROWNS ","2"
"GARDEN PATH JOURNAL","1"
"PAPER CHAIN KIT SKULLS ","1"
"NATURAL HANGING QUILTED HEARTS ","1"
"PARISIENNE JEWELLERY DRAWER ","7"
"WORLD WAR 2 GLIDERS ASSTD DESIGNS","2"
"12 PENCILS TALL TUBE SKULLS","2"
"BATHROOM METAL SIGN","2"
"ENGLISH ROSE SPIRIT LEVEL ","2"
"BEADED CRYSTAL HEART GREEN LARGE","1"
"TV DINNER TRAY VINTAGE PAISLEY","1"
"EASTER TIN CHICKS IN GARDEN","2"
"CHOCOLATE BOX RIBBONS ","18"
"FRYING PAN PINK POLKADOT","9"
"STAR T-LIGHT HOLDER WILLIE WINKIE","2"
"CLASSIC GLASS COOKIE JAR","4"
"SET OF 4 ENGLISH ROSE COASTERS","1"
"PANTRY WASHING UP BRUSH","13"
"WRAP BIRD GARDEN ","2"
"DRAWER KNOB CERAMIC RED","4"
"RECTANGULAR SHAPED MIRROR","2"
"SET OF 3 BUTTERFLY COOKIE CUTTERS","6"
"SILVER HEARTS TABLE DECORATION","1"
"CHILDREN'S CIRCUS PARADE MUG","15"
"HAND OVER THE CHOCOLATE   SIGN ","1"
"CANDY SPOT EGG WARMER RABBIT","2"
"DINOSAUR PARTY BAG + STICKER SET","10"
"BIRD DECORATION GREEN POLKADOT","3"
"JAZZ HEARTS PURSE NOTEBOOK","1"
"SMALL FOLKART STAR CHRISTMAS DEC","1"
"YULETIDE IMAGES GIFT WRAP SET","1"
"BLUE PUDDING SPOON","1"
"CHERRY BLOSSOM  DECORATIVE FLASK","5"
"BALLOON ART MAKE YOUR OWN FLOWERS","1"
"VINTAGE KEEPSAKE BOX PARIS DAYS","1"
"GOLD MUG BONE CHINA TREE OF LIFE","1"
"EMBROIDERED RIBBON REEL DAISY ","3"
"PEACE WOODEN BLOCK LETTERS","1"
"RETROSPOT TEA SET CERAMIC 11 PC ","25"
"SILVER HANGING T-LIGHT HOLDER","2"
"5 HOOK HANGER MAGIC TOADSTOOL","8"
"SET OF 6 T-LIGHTS TOADSTOOLS","1"
"SET OF 5 MINI GROCERY MAGNETS","4"
"RED  HARMONICA IN BOX ","21"
"CHRISTMAS CARD SINGING ANGEL","1"
"SMALL CERAMIC TOP STORAGE JAR ","3"
"GIFT BAG BIRTHDAY","3"
"36 PENCILS TUBE SKULLS","2"
"ALARM CLOCK BAKELIKE IVORY","11"
"MAGIC DRAWING SLATE CIRCUS PARADE  ","5"
"PINK SCOTTIE DOG W FLOWER PATTERN","2"
"RED METAL BEACH SPADE ","4"
"HEN HOUSE W CHICK STANDING","2"
"DOORMAT UNION FLAG","2"
"MOODY GIRL DOOR HANGER ","1"
"AIRLINE BAG VINTAGE JET SET WHITE","1"
"GLASS BONNE JAM JAR","1"
"STARS GIFT TAPE ","13"
"EMBROIDERED RIBBON REEL EMILY ","2"
"HOMEMADE JAM SCENTED CANDLES","7"
"RED RETROSPOT PURSE ","9"
"SILK PURSE BABUSHKA RED","1"
"ASSORTED COLOUR LIZARD SUCTION HOOK","2"
"DOORMAT NEW ENGLAND","4"
"RED SHARK HELICOPTER","1"
"PACK 3 FIRE ENGINE/CAR PATCHES","2"
"CHRISTMAS LIGHTS 10 VINTAGE BAUBLES","2"
"VINTAGE UNION JACK SHOPPING BAG","1"
"HEART IVORY TRELLIS LARGE","1"
"MINI LIGHTS WOODLAND MUSHROOMS","9"
"PENCIL CASE LIFE IS BEAUTIFUL","13"
"SET 36 COLOUR PENCILS LOVE LONDON","1"
"NURSE'S BAG SOFT TOY","1"
"CHILDRENS CUTLERY POLKADOT PINK","12"
"WOODLAND  STICKERS","17"
"T-LIGHT GLASS FLUTED ANTIQUE","1"
"PINK POLKADOT WRAP ","6"
"VINTAGE GLASS T-LIGHT HOLDER","1"
"PACK OF 12 RED APPLE TISSUES","2"
"HOT WATER BOTTLE BABUSHKA ","4"
"EMPIRE TISSUE BOX","2"
"FAIRY TALE COTTAGE NIGHTLIGHT","1"
"WRAP SUKI AND FRIENDS","6"
"HAWAIIAN GRASS SKIRT ","1"
"SET 36 COLOUR PENCILS SPACEBOY ","1"
"CLOTHES PEGS RETROSPOT PACK 24 ","20"
"POPART WOODEN PENCILS ASST","7"
"LUNCH BAG ALPHABET DESIGN","8"
"BISCUIT TIN VINTAGE CHRISTMAS","4"
"BREAD BIN DINER STYLE RED ","4"
"SILK PURSE BABUSHKA PINK","5"
"CERAMIC CAKE DESIGN SPOTTED MUG","8"
"3 TRADITIONAl BISCUIT CUTTERS  SET","4"
"RED RETROSPOT CUP","34"
"MAGNETS PACK OF 4 SWALLOWS","11"
"SKULLS  DESIGN  COTTON TOTE BAG","4"
"RED SPOT PAPER GIFT BAG","3"
"GINGHAM RECIPE BOOK BOX","2"
"WHITE BAROQUE WALL CLOCK ","1"
"SMALL STRIPES CHOCOLATE GIFT BAG ","1"
"VINTAGE NOTEBOOK PARIS DAYS","1"
"CARD BIRTHDAY COWBOY","1"
"4 LAVENDER BOTANICAL DINNER CANDLES","1"
"ROUND WHITE CONFETTI IN TUBE","1"
"PINK ENAMEL FLOWER HAIR TIE","1"
"DOORMAT MERRY CHRISTMAS RED ","1"
"WRAP DOLLY GIRL","3"
"COFFEE MUG PEARS  DESIGN","17"
"PINK AND WHITE CHRISTMAS TREE 120CM","3"
"CREAM HEART CARD HOLDER","6"
"RED RETROSPOT SUGAR JAM BOWL","10"
"PASTEL COLOUR HONEYCOMB FAN","2"
"COFFEE MUG BLUE PAISLEY DESIGN","1"
"ANTIQUE GLASS DRESSING TABLE POT","3"
"PACK OF 6 LARGE FRUIT STRAWS ","1"
"PENS ASSORTED FUNNY FACE","2"
"GREY HEART HOT WATER BOTTLE","5"
"GINGHAM ROSE WRAP","4"
"CIRCUS PARADE CHILDRENS EGG CUP ","6"
"SCANDINAVIAN PAISLEY PICNIC BAG","2"
"COSY SLIPPER SHOES LARGE GREEN","1"
"SET/10 IVORY POLKADOT PARTY CANDLES","1"
"PACK OF 12 HEARTS DESIGN TISSUES ","1"
"PINK FLOWER FABRIC PONY","1"
"EMBROIDERED RIBBON REEL SALLY ","2"
"LA PALMIERA TILE COASTER","1"
"SET OF 10 LANTERNS FAIRY LIGHT STAR","1"
"SET OF 5 PANCAKE DAY MAGNETS","15"
"ICE CREAM BUBBLES","5"
"BIRDS MOBILE VINTAGE DESIGN","7"
"DRAWER KNOB CRACKLE GLAZE GREEN","3"
"EDWARDIAN PARASOL NATURAL","10"
"LOVE HEART POCKET WARMER","1"
"BLACK STITCHED WALL CLOCK","1"
"VINTAGE CHRISTMAS BUNTING","1"
"SWIRLY CIRCULAR RUBBERS IN BAG","1"
"LARGE CERAMIC TOP STORAGE JAR","2"
"FELTCRAFT CUSHION RABBIT","3"
"PINK GLASS CANDLEHOLDER","3"
"FOLKART STAR CHRISTMAS DECORATIONS","3"
"LARGE MEDINA STAMPED METAL BOWL ","1"
"SET/3 POLKADOT STACKING TINS","1"
"BOTANICAL ROSE GIFT WRAP","1"
"PAIR PADDED HANGERS PINK CHECK","1"
"GIRLS ALPHABET IRON ON PATCHES ","1"
"RIBBON REEL MAKING SNOWMEN ","2"
"SPACEBOY GIFT WRAP","10"
"BLUE OWL SOFT TOY","15"
"FELT TOADSTOOL LARGE","2"
"GLASS APOTHECARY BOTTLE TONIC","2"
"HAIRCLIPS FORTIES FABRIC ASSORTED","6"
"JUMBO BAG DOILEY PATTERNS","11"
"DANISH ROSE ROUND SEWING BOX","1"
"CRYSTAL SEA HORSE PHONE CHARM","1"
"CABIN BAG VINTAGE PAISLEY","3"
"PACK OF 12 SPACEBOY TISSUES","8"
"SKULLS AND CROSSBONES WRAP","3"
"VINTAGE CHRISTMAS PAPER GIFT BAG","1"
"LARGE APOTHECARY MEASURING JAR ","2"
"BLUE RETRO KITCHEN WALL CLOCK","1"
"PACK OF 12 VINTAGE CHRISTMAS TISSUE","1"
"WOOD BLACK BOARD ANT WHITE FINISH","4"
"REINDEER HEART DECORATION SILVER","2"
"FLAG OF ST GEORGE CHAIR","2"
"LUNCH BAG PAISLEY PARK  ","3"
"DOORMAT FANCY FONT HOME SWEET HOME","4"
"3 PIECE SPACEBOY COOKIE CUTTER SET","19"
"TEA TIME PARTY BUNTING","1"
"RABBIT  DESIGN  COTTON TOTE BAG","3"
"WRAP RED DOILEY","3"
"EDWARDIAN PARASOL BLACK","16"
"BLUE TRAVEL FIRST AID KIT","1"
"PACK OF 12 SUKI TISSUES ","2"
"CARD CAT AND TREE ","2"
"SKULLS SQUARE TISSUE BOX","1"
"ENAMEL BLUE RIM BISCUIT BIN","1"
"RIBBON REEL SNOWY VILLAGE","1"
"ICE CREAM DESIGN GARDEN PARASOL","1"
"SET OF 36 MUSHROOM PAPER DOILIES","1"
"CHOCOLATE CALCULATOR","1"
"PLASTERS IN TIN STRONGMAN","32"
"MAGIC DRAWING SLATE SPACEBOY ","12"
"HAND WARMER BIRD DESIGN","6"
"VINTAGE HEADS AND TAILS CARD GAME ","6"
"STRAWBERRY CERAMIC TRINKET POT","3"
"PINK/WHITE CHRISTMAS TREE 60CM","1"
"WATERING CAN PINK BUNNY","11"
"PIN CUSHION BABUSHKA BLUE","3"
"STRAWBERRY CERAMIC TRINKET BOX","31"
"SET 40 HEART SHAPE PETIT FOUR CASES","8"
"SET OF 16 VINTAGE ROSE CUTLERY","5"
"PARISIENNE SEWING BOX","3"
"BLUE SCANDINAVIAN PAISLEY WRAP","2"
"SPOTTED WHITE NATURAL SEED NECKLACE","1"
"PRETTY HANGING QUILTED HEARTS","3"
"LUNCH BAG DOILEY PATTERN ","11"
"GROW YOUR OWN PLANT IN A CAN ","1"
"RED RETROSPOT CHARLOTTE BAG","31"
"WOODLAND PARTY BAG + STICKER SET","31"
"TOAST ITS - BEST MUM","4"
"PINK DOUGHNUT TRINKET POT ","6"
"EMBROIDERED RIBBON REEL SOPHIE  ","1"
"DOILEY STORAGE TIN","10"
"SET OF 20 KIDS COOKIE CUTTERS","7"
"SET OF 16 VINTAGE BLACK CUTLERY","1"
"LOCAL CAFE MUG","1"
"TV DINNER TRAY DOLLY GIRL","7"
"VINTAGE UNION JACK CUSHION COVER","2"
"CARD DOLLY GIRL ","4"
"BROCADE RING PURSE ","3"
"BLUE SCOTTIE DOG W FLOWER PATTERN","1"
"AIRLINE BAG VINTAGE TOKYO 78","2"
"CHRISTMAS CRAFT WHITE FAIRY ","4"
"WOODEN STAR CHRISTMAS SCANDINAVIAN","3"
"EGG CUP HENRIETTA HEN CREAM ","1"
"BLUE FELT EASTER EGG BASKET","1"
"MULTICOLOUR EASTER RABBIT ","1"
"GIN & TONIC DIET GREETING CARD ","1"
"SET/20 STRAWBERRY PAPER NAPKINS ","2"
"MINI PLAYING CARDS BUFFALO BILL ","1"
"BABUSHKA LIGHTS STRING OF 10","2"
"12 PENCIL SMALL TUBE WOODLAND","9"
"SET 12 COLOUR PENCILS DOLLY GIRL ","6"
"PINK PAPER PARASOL ","5"
"FOUR HOOK  WHITE LOVEBIRDS","12"
"CERAMIC STRAWBERRY MONEY BOX","4"
"FELT TOADSTOOL  SMALL","3"
"JUMBO BAG VINTAGE CHRISTMAS ","3"
"CHERRY CROCHET FOOD COVER","1"
"SMALL HANGING IVORY/RED WOOD BIRD","1"
"PIECE OF CAMO STATIONERY SET","1"
"SMALL BLUE PROVENCAL CERAMIC BALL","1"
"GREEN FERN NOTEBOOK","1"
"VINTAGE CHRISTMAS STOCKING ","5"
"BAKING MOULD ROSE WHITE CHOCOLATE","1"
"SET/3 ROSE CANDLE IN JEWELLED BOX","1"
"HOME SWEET HOME KEY HOLDER","2"
"PARTY INVITES FOOTBALL","1"
"CERAMIC STRAWBERRY TRINKET TRAY","1"
"ROUND STORAGE TIN VINTAGE LEAF","10"
"12 PENCILS SMALL TUBE SKULL","4"
"STRAWBERRY FAIRY CAKE TEAPOT","15"
"RED RETROSPOT ROUND CAKE TINS","10"
"RECIPE BOX PANTRY YELLOW DESIGN","13"
"WOODEN PICTURE FRAME WHITE FINISH","7"
"SET 2 TEA TOWELS I LOVE LONDON ","3"
"VINTAGE RED ENAMEL TRIM JUG ","2"
"SET OF 36 DINOSAUR PAPER DOILIES","2"
"BLUE  VOILE LAMPSHADE","1"
"POTTING SHED TWINE","5"
"POPCORN HOLDER","3"
"BLUE EGG  SPOON","3"
"FELTCRAFT HAIRBAND PINK AND BLUE","1"
"SPACEBOY CHILDRENS EGG CUP","6"
"ROLL WRAP 50'S CHRISTMAS","4"
"SET/6 EAU DE NIL BIRD T-LIGHTS","1"
"ASSORTED EASTER DECORATIONS  BELLS","1"
"CHRISTMAS TREE HANGING GOLD","1"
"CHRISTMAS HANGING TREE WITH BELL","1"
"RED RETROSPOT CHILDRENS UMBRELLA","20"
"RETROSPOT PARTY BAG + STICKER SET","32"
"BAKING MOULD ROSE MILK CHOCOLATE","2"
"DOORMAT FAIRY CAKE","9"
"SILK PURSE BABUSHKA BLUE","2"
"SET OF 3 WOODEN STOCKING DECORATION","4"
"MOBILE VINTAGE HEARTS ","4"
"3 RAFFIA RIBBONS 50'S CHRISTMAS ","3"
"WALL ART THE MAGIC FOREST ","1"
"DOCTOR'S BAG SOFT TOY","1"
"HOME SWEET HOME MUG","2"
"HOT WATER BOTTLE I AM SO POORLY","1"
"CAT BOWL VINTAGE CREAM","1"
"TREASURE ISLAND BOOK BOX","4"
"VICTORIAN SEWING BOX SMALL ","1"
"STRAWBERRY BATH SPONGE ","1"
"72 SWEETHEART FAIRY CAKE CASES","2"
"KITTENS DESIGN FLANNEL","1"
"BAKING SET 9 PIECE RETROSPOT ","22"
"HAND WARMER SCOTTY DOG DESIGN","1"
"RAINY LADIES BIRTHDAY CARD","2"
"PHOTO CUBE","2"
"SEWING BOX RETROSPOT DESIGN ","5"
"RECYCLED PENCIL WITH RABBIT ERASER","5"
"PINK PARTY BAGS","5"
"6 GIFT TAGS 50'S CHRISTMAS ","9"
"PARTY CONES CANDY TREE DECORATION","3"
" DOLLY GIRL BEAKER","6"
"HANGING PHOTO CLIP ROPE LADDER","1"
"JUMBO STORAGE BAG SKULLS","7"
"SET 6 SCHOOL MILK BOTTLES IN CRATE","1"
"CERAMIC LOVE HEART MONEY BANK","1"
"PINK FAIRY CAKE CHILDRENS APRON","1"
"6 RIBBONS ELEGANT CHRISTMAS ","2"
"BALLOONS  WRITING SET ","3"
"PINK FLOWERS RABBIT EASTER","1"
"BLUE POLKADOT BEAKER ","4"
"EMBROIDERED RIBBON REEL REBECCA ","2"
"WOODLAND SMALL RED FELT HEART","3"
"WOODLAND SMALL PINK FELT HEART","3"
"CERAMIC STRAWBERRY DESIGN MUG","5"
"3D TRADITIONAL CHRISTMAS STICKERS","4"
"LUNCH BAG CARS BLUE","11"
"TRADITIONAL WOODEN CATCH CUP GAME ","5"
"CHRISTMAS LIGHTS 10 REINDEER","3"
"JUNGLE POPSICLES ICE LOLLY MOULDS","8"
"ASSORTED MONKEY SUCTION CUP HOOK","1"
"BAKING MOULD TOFFEE CUP CHOCOLATE","2"
"POPPY FIELDS CHOPPING BOARD","1"
"MINI JIGSAW DOLLY GIRL","1"
"FOLDING BUTTERFLY MIRROR HOT PINK ","3"
"LIGHT GARLAND BUTTERFILES PINK","2"
"BOUDOIR SQUARE TISSUE BOX","1"
"ENVELOPE 50 BLOSSOM IMAGES","2"
"MINI JIGSAW LEAP FROG","1"
"FRENCH BATHROOM SIGN BLUE METAL","1"
"RETROSPOT HEART HOT WATER BOTTLE","9"
"TRADITIONAL PICK UP STICKS GAME ","3"
"BOTANICAL LILY GREETING CARD","2"
"FELTCRAFT DOLL MOLLY","4"
"SILVER BELLS TABLE DECORATION","3"
"GLITTER BUTTERFLY CLIPS","3"
"ALARM CLOCK BAKELIKE ORANGE","9"
"PINK FELT EASTER RABBIT GARLAND","1"
"SET OF 9 BLACK SKULL BALLOONS","3"
"LOVELY BONBON STICKER SHEET","2"
"ALPHABET HEARTS STICKER SHEET","1"
"VINTAGE UNION JACK DOORSTOP","1"
"PAIR BUTTERFLY HAIR CLIPS","1"
"CAKES AND BOWS GIFT  TAPE","8"
"FELTCRAFT DOLL EMILY","3"
"CERAMIC PLATE STRAWBERRY DESIGN","1"
"LUNCH BAG WOODLAND","36"
"RING OF ROSES BIRTHDAY CARD","6"
"PIGGY BANK RETROSPOT ","11"
"PICNIC BASKET WICKER SMALL","2"
"SET OF 3 BABUSHKA STACKING TINS","2"
"TURQ+RED BOUDICCA LARGE BRACELET","1"
"MINI CAKE STAND T-LIGHT HOLDER","3"
"FELTCRAFT HAIRBAND PINK AND PURPLE","1"
"DOG BOWL CHASING BALL DESIGN","3"
"SET/6 TURQUOISE BUTTERFLY T-LIGHTS","1"
"SMALL RED RETROSPOT MUG IN BOX ","1"
"PINK CREAM FELT CRAFT TRINKET BOX ","1"
"12 MESSAGE CARDS WITH ENVELOPES","2"
"TRAVEL CARD WALLET FLOWER MEADOW","1"
"ADVENT CALENDAR GINGHAM SACK","11"
"LUNCH BAG SUKI  DESIGN ","2"
"TABLECLOTH RED APPLES DESIGN ","9"
"TEA TIME TABLE CLOTH","2"
"ZINC T-LIGHT HOLDER STAR LARGE","2"
"BREAD BIN DINER STYLE PINK","3"
"TOYBOX  WRAP ","3"
"VINTAGE DONKEY TAIL GAME ","1"
"CHRISTMAS CARD STACK OF PRESENTS","2"
"BLUE CHARLIE+LOLA PERSONAL DOORSIGN","1"
"VICTORIAN GLASS HANGING T-LIGHT","7"
"200 BENDY SKULL STRAWS","2"
"CHRISTMAS METAL TAGS ASSORTED ","2"
"MIRRORED DOVE WALL DECORATION","1"
"FELT FARM ANIMAL RABBIT","2"
"LA JARDIN BOTANIQUE CUSHION COVER","1"
"60 CAKE CASES VINTAGE CHRISTMAS","6"
"60 CAKE CASES DOLLY GIRL DESIGN","7"
"MINI CAKE STAND  HANGING STRAWBERY","7"
"POLKADOT PEN","7"
"RIBBON REEL CHRISTMAS SOCK BAUBLE","6"
"BEACH HUT SHELF W 3 DRAWERS","2"
"GLASS APOTHECARY BOTTLE ELIXIR","1"
"CHARLOTTE BAG DOLLY GIRL DESIGN","8"
"BLUE POLKADOT GARDEN PARASOL","1"
"SET OF 3 CAKE TINS SKETCHBOOK","4"
"SQUARECUSHION COVER PINK UNION FLAG","1"
"36 PENCILS TUBE RED RETROSPOT","10"
"LARGE HANGING IVORY & RED WOOD BIRD","2"
"AIRLINE BAG VINTAGE WORLD CHAMPION ","1"
"SET OF 4 JAM JAR MAGNETS","3"
"CUPCAKE LACE PAPER SET 6","1"
"VINTAGE CREAM 3 BASKET CAKE STAND","1"
"JIGSAW TREE WITH WATERING CAN","2"
"DOORMAT MULTICOLOUR STRIPE","2"
"HOME SWEET HOME 3 PEG HANGER ","1"
"PARTY INVITES WOODLAND","6"
"CHILDREN'S APRON DOLLY GIRL ","5"
"EDWARDIAN PARASOL RED","15"
"WALL ART BIG LOVE ","1"
"BLACK CHRISTMAS TREE 60CM","1"
"PICTURE DOMINOES","7"
"ASS FLORAL PRINT MULTI SCREWDRIVER","3"
"PACK OF 12 PINK POLKADOT TISSUES","5"
"6 RIBBONS SHIMMERING PINKS ","1"
"FRIDGE MAGNETS LES ENFANTS ASSORTED","3"
"METAL SIGN HER DINNER IS SERVED ","1"
"FELTCRAFT 6 FLOWER FRIENDS","7"
"PURPLE BOUDICCA LARGE BRACELET","2"
"BILI NUT AND WOOD NECKLACE","1"
"MEDIUM CERAMIC TOP STORAGE JAR","2"
"FELTCRAFT PRINCESS CHARLOTTE DOLL","2"
"MINT DINER WALL CLOCK","2"
"APRON APPLE DELIGHT","7"
"SET/3 VANILLA SCENTED CANDLE IN BOX","1"
"SPACEBOY LUNCH BOX ","45"
"SET OF TEA COFFEE SUGAR TINS PANTRY","15"
"PLASTERS IN TIN WOODLAND ANIMALS","61"
"JUMBO BAG OWLS","12"
"RIDGED GLASS T-LIGHT HOLDER","2"
"RECIPE BOX RETROSPOT ","9"
"SMALL CHOCOLATES PINK BOWL","1"
"PACK OF 6 SMALL FRUIT STRAWS","1"
"BOX OF 6 CHRISTMAS CAKE DECORATIONS","2"
"FELTCRAFT CHRISTMAS FAIRY","4"
"RIBBON REEL LACE DESIGN ","3"
"ENAMEL BLUE RIM COFFEE CONTAINER","3"
"CLOCK MAGNET MUM'S KITCHEN","3"
"FUNKY WASHING UP GLOVES ASSORTED","1"
"SET OF 6 T-LIGHTS SANTA","1"
"MAN FLU METAL SIGN","1"
"BLUE GIANT GARDEN THERMOMETER","1"
"SMALL RED RETROSPOT WINDMILL","9"
"WHITE JEWELLED HEART DECORATION","1"
"MILK PAN PINK POLKADOT","4"
"BIG DOUGHNUT FRIDGE MAGNETS","15"
"SMALL WHITE HEART OF WICKER","2"
"PANTRY CHOPPING BOARD","4"
"COFFEE MUG DOG + BALL DESIGN","2"
"RED RETROSPOT PEG BAG","8"
"IF YOU CAN'T STAND THE HEAT MUG","1"
"SKULLS PARTY BAG + STICKER SET","4"
"DOLLY HONEYCOMB GARLAND","2"
" I LOVE LONDON MINI BACKPACK","2"
"PINK REGENCY TEACUP AND SAUCER","4"
"WRAP DOILEY DESIGN","8"
"BOYS ALPHABET IRON ON PATCHES","1"
"PACK 6 HEART/ICE-CREAM PATCHES","1"
"CHERRY BLOSSOM DECORATIVE FLASK","3"
"FRENCH WC SIGN BLUE METAL","1"
"LUNCH BAG APPLE DESIGN","28"
"SET 2 PANTRY DESIGN TEA TOWELS","23"
"MONSTERS STENCIL CRAFT","3"
"SET OF 9 HEART SHAPED BALLOONS","3"
"QUEENS GUARD COFFEE MUG","2"
"WOODEN SKITTLES GARDEN SET","3"
"PINK DRAWER KNOB ACRYLIC EDWARDIAN","2"
"EMPIRE GIFT WRAP","1"
"LOLITA  DESIGN  COTTON TOTE BAG","3"
"WATERING CAN GREEN DINOSAUR","8"
"HEART WOODEN CHRISTMAS DECORATION","2"
"TRAVEL CARD WALLET RETRO PETALS","1"
"PORCELAIN HANGING BELL SMALL","1"
"STRING OF STARS CARD HOLDER","1"
"TOTE BAG I LOVE LONDON","1"
"DECORATIVE FLORE BATHROOM BOTTLE","1"
"SET OF 6 RIBBONS VINTAGE CHRISTMAS","13"
"60 TEATIME FAIRY CAKE CASES","8"
"METAL 4 HOOK HANGER FRENCH CHATEAU","9"
"DOORMAT HEARTS","2"
"DINOSAUR HEIGHT CHART STICKER SET","4"
"5 HOOK HANGER RED MAGIC TOADSTOOL","18"
"MILK PAN BLUE POLKADOT","1"
"RED RETROSPOT STORAGE JAR","3"
"RED RETROSPOT TEA CUP AND SAUCER ","1"
"LARGE ZINC HEART WALL ORGANISER","1"
"METAL SIGN CUPCAKE SINGLE HOOK","1"
"SET 8 CANDLES VINTAGE DOILY","4"
"CERAMIC PIRATE CHEST MONEY BANK","3"
"ROSES REGENCY TEACUP AND SAUCER ","2"
"12 PENCILS TALL TUBE POSY","2"
"ASSORTED BOTTLE TOP  MAGNETS ","4"
"WRAP ALPHABET DESIGN","3"
"FELTCRAFT GIRL NICOLE KIT","2"
"MIRRORED WALL ART SKULLS","1"
"3 TIER CAKE TIN GREEN AND CREAM","1"
"VINTAGE BELLS GARLAND","1"
"ROSE CARAVAN DOORSTOP","1"
"PURPLE DRAWERKNOB ACRYLIC EDWARDIAN","2"
"BALLOON PUMP WITH 10 BALLOONS","4"
"BLUE PADDED SOFT MOBILE","1"
"MINT GREEN ROSE TOWEL","1"
"POSTAGE","359"
"SET OF 60 PANTRY DESIGN CAKE CASES ","27"
"SET OF 6 SNACK LOAF BAKING CASES","15"
"MAGIC SHEEP WOOL GROWING FROM PAPER","4"
"CHOCOLATE THIS WAY METAL SIGN","2"
"EASTER TIN KEEPSAKE","5"
"CIRCUS PARADE LUNCH BOX ","18"
"FAMILY ALBUM WHITE PICTURE FRAME","5"
"CHILDRENS TOY COOKING UTENSIL SET","7"
"KIDS RAIN MAC PINK","4"
"RED METAL BOX TOP SECRET","3"
"FRIDGE MAGNETS US DINER ASSORTED","3"
"SET OF 6 CAKE CHOPSTICKS","1"
"SET OF 6 NATIVITY MAGNETS ","2"
"PARTY CONE CHRISTMAS DECORATION ","3"
"3 TIER CAKE TIN RED AND CREAM","1"
"SET 12 COLOUR PENCILS LOVE LONDON","1"
"KITCHEN METAL SIGN","1"
"RIBBON REEL POLKADOTS ","10"
"WOODLAND SMALL BLUE FELT HEART","4"
"PACK OF 60 PINK PAISLEY CAKE CASES","10"
"CHARLIE & LOLA WASTEPAPER BIN FLORA","3"
"6 GIFT TAGS VINTAGE CHRISTMAS ","9"
"CHILDRENS CUTLERY RETROSPOT RED ","9"
"RETROSPOT RED WASHING UP GLOVES","6"
"MEASURING TAPE BABUSHKA PINK","7"
"BREAD BIN DINER STYLE MINT","10"
"PINK BOUDICCA LARGE BRACELET","1"
"LOVE HEART TRINKET POT","2"
"MIRRORED WALL ART POPPIES","1"
"WALL ART KEEP CALM ","1"
"PARTY FOOD SHOPPER BAG","2"
"CHRISTMAS RETROSPOT HEART WOOD","1"
"IVORY EMBROIDERED QUILT ","1"
"CHILDRENS CUTLERY POLKADOT GREEN ","1"
"CALENDAR FAMILY FAVOURITES","1"
"CHILDS BREAKFAST SET DOLLY GIRL ","7"
"PACK OF 20 NAPKINS RED APPLES","28"
"MAKE YOUR OWN FLOWERPOWER CARD KIT","5"
"SALLE DE BAIN HOOK","2"
"RED KUKUI COCONUT SEED NECKLACE","1"
"NOVELTY BISCUITS CAKE STAND 3 TIER","1"
"PINK VINTAGE PAISLEY PICNIC BAG","4"
"MAGNETS PACK OF 4 VINTAGE COLLAGE","3"
"KITTY PENCIL ERASERS","2"
"DOORMAT I LOVE LONDON","2"
"DOORMAT WELCOME PUPPIES","5"
"SET OF 4 KNICK KNACK TINS LEAF","5"
"HAND WARMER RED LOVE HEART","3"
"RED RETROSPOT SHOPPING BAG","7"
"HEART WREATH DECORATION WITH BELL","9"
"WHITE BROCANTE SOAP DISH","1"
"PANTRY PASTRY BRUSH","3"
"FLYING PIG WATERING CAN","2"
"CAKE PLATE LOVEBIRD PINK","4"
"RED PAPER PARASOL","2"
"RIBBON REEL SOCKS AND MITTENS","1"
"JOY LARGE WOOD LETTERS","2"
"SWALLOWS GREETING CARD","1"
"FOOD COVER WITH BEADS SET 2 ","2"
"CURIOUS IMAGES GIFT WRAP SET","2"
"LARGE ZINC GLASS CANDLEHOLDER","1"
"TOILET SIGN OCCUPIED OR VACANT","2"
"SET OF 3 REGENCY CAKE TINS","39"
"DOORMAT WELCOME TO OUR HOME","10"
"PINK FAIRY CAKE CUSHION COVER","4"
"JUMBO BAG SCANDINAVIAN BLUE PAISLEY","6"
"DOORMAT RED RETROSPOT","15"
"ROMANTIC IMAGES GIFT WRAP SET","2"
"PINK POLKADOT CHILDRENS UMBRELLA","2"
"HOME BUILDING BLOCK WORD","1"
"ASSORTED COLOUR T-LIGHT HOLDER","1"
"HOME SWEET HOME BLACKBOARD","1"
"RUSTIC MIRROR WITH LACE HEART","1"
"TRAVEL CARD WALLET TRANSPORT","3"
"JUMBO BAG TOYS ","4"
"IVORY PAPER CUP CAKE CASES ","2"
"ROCKING HORSE RED CHRISTMAS ","5"
"VINTAGE KEEPSAKE BOX TRAVELOGUE","1"
"EMERGENCY FIRST AID TIN ","4"
"FRENCH CHATEAU LARGE PLATTER ","1"
"GOLD FISHING GNOME","2"
"HI TEC ALPINE HAND WARMER","1"
"SET OF 4 ROSE BOTANICAL CANDLES","1"
"PARTY INVITES DINOSAURS","1"
"JUMBO BAG WOODLAND ANIMALS","45"
"MINT KITCHEN SCALES","26"
"CHILDRENS APRON SPACEBOY DESIGN","14"
"DOORMAT BLACK FLOCK ","1"
"WHITE HEARTS WIRE PLANT POT HOLDER","1"
"DRAWER KNOB CERAMIC BLACK","3"
"PACK OF 12 LONDON TISSUES ","5"
"SMALL LICORICE DES PINK BOWL","1"
"GLITTER CHRISTMAS TREE","2"
"BIRTHDAY PARTY CORDON BARRIER TAPE","1"
"ROUND CAKE TIN VINTAGE GREEN","1"
"DOORMAT WELCOME SUNRISE","1"
"SKULLS STORAGE BOX SMALL","1"
"TEA TIME OVEN GLOVE","9"
"MINI PLAYING CARDS SPACEBOY ","5"
"POMPOM CURTAIN","4"
"MRS ROBOT SOFT TOY","1"
"SET OF 2 CERAMIC CHRISTMAS REINDEER","3"
"SEWING SUSAN 21 NEEDLE SET","1"
"RIDGED GLASS POSY VASE ","2"
"FILIGREE HEART BIRD WHITE ","1"
"FLORAL SOFT CAR TOY","1"
"WOODEN ADVENT CALENDAR RED","2"
"2 PICTURE BOOK EGGS EASTER CHICKS","1"
"CARD BILLBOARD FONT","1"
"NEW BAROQUE JEWELLERY BOX ","1"
"TRAVEL CARD WALLET RETROSPOT","1"
"WRAP VINTAGE LEAF DESIGN","3"
"WOOD STAMP SET FLOWERS","2"
"SPACEBOY CHILDRENS CUP","21"
"PACK OF 60 MUSHROOM CAKE CASES","16"
"PAPER BUNTING WHITE LACE","2"
"SNOWSTORM PHOTO FRAME FRIDGE MAGNET","1"
"MAGIC DRAWING SLATE BAKE A CAKE ","2"
"RED RETROSPOT TRADITIONAL TEAPOT ","1"
"PAPER BUNTING VINTAGE PAISLEY","1"
"SET/6 COLLAGE PAPER CUPS","3"
"VINTAGE PAISLEY STATIONERY SET","2"
"JUMBO BAG SCANDINAVIAN PAISLEY","1"
"MINI JIGSAW SPACEBOY","2"
"LUNCH BAG SUKI DESIGN ","9"
"RETROSPOT LARGE MILK JUG","5"
"EGG CUP MILKMAID HEIDI","2"
"RED RETROSPOT MUG","2"
"DOLLY CABINET 2 DRAWERS ","1"
"PANTRY ROLLING PIN","5"
"LANDMARK FRAME LONDON BRIDGE ","1"
"DINOSAURS  WRITING SET ","2"
"PLASTERS IN TIN VINTAGE PAISLEY ","9"
"ASSORTED COLOUR MINI CASES","16"
"BLUE POLKADOT PLATE ","14"
"TRAVEL CARD WALLET PANTRY","5"
"PARTY PIZZA DISH GREEN POLKADOT","2"
"TRAVEL CARD WALLET KEEP CALM","2"
"PURPLE ENAMEL FLOWER RING","2"
"MAGIC DRAWING SLATE GO TO THE FAIR ","1"
"BLUE BIRDHOUSE DECORATION","1"
"BISCUIT TIN VINTAGE GREEN","1"
"BAKING MOULD EASTER EGG WHITE CHOC","2"
"BANQUET BIRTHDAY  CARD  ","1"
"FRENCH TOILET SIGN BLUE METAL","1"
"CARD HOLDER GINGHAM HEART","1"
"High Resolution Image","1"
"MODERN FLORAL STATIONERY SET","5"
"FAIRY CAKE BIRTHDAY CANDLE SET","9"
"BAKING MOULD HEART WHITE CHOCOLATE","2"
"HAPPY STENCIL CRAFT","3"
"JUMBO BAG PINK POLKADOT","16"
"CHARLOTTE BAG SUKI DESIGN","23"
"PAPERWEIGHT VINTAGE COLLAGE","2"
"JUMBO BAG STRAWBERRY","5"
"BLUE POLKADOT WRAP","7"
"ZINC WILLIE WINKIE  CANDLE STICK","4"
"PINK PAISLEY ROSE GIFT WRAP","1"
"BLUE POLKADOT KIDS BAG","2"
"CHRISTMAS RETROSPOT TREE WOOD","1"
"DANISH ROSE PHOTO FRAME","1"
"EASTER TIN CHICKS PINK DAISY","4"
"LARGE CAKE TOWEL PINK SPOTS","1"
"DECORATIVE CATS BATHROOM BOTTLE","2"
"WASH BAG VINTAGE ROSE PAISLEY","2"
"KEY RING BASEBALL BOOT ASSORTED ","1"
"I LOVE LONDON BEAKER","3"
"CHILDS BREAKFAST SET CIRCUS PARADE","26"
"SPACEBOY ROCKET LOLLY MAKERS","9"
"DOORMAT PEACE ON EARTH BLUE","1"
"LARGE CAKE STAND  HANGING STRAWBERY","1"
"DOORMAT VINTAGE LEAF","2"
"SWEETHEART CERAMIC TRINKET BOX","17"
"SET/10 RED POLKADOT PARTY CANDLES","21"
"CERAMIC STRAWBERRY CAKE MONEY BANK","9"
"CHOC TRUFFLE GOLD TRINKET POT ","3"
"SET 20 NAPKINS FAIRY CAKES DESIGN ","4"
"GUMBALL COAT RACK","45"
"ENAMEL WATERING CAN CREAM","3"
"GREEN REGENCY TEACUP AND SAUCER","5"
"LUNCH BAG SPACEBOY DESIGN ","14"
"OWL DOORSTOP","7"
"HEART OF WICKER SMALL","1"
"ROSE DU SUD CUSHION COVER ","2"
"SMALL FOLDING SCISSOR(POINTED EDGE)","1"
"GREEN 3 PIECE POLKADOT CUTLERY SET","1"
"SET/4 WHITE RETRO STORAGE CUBES ","2"
"RETROSPOT PADDED SEAT CUSHION","10"
"ZINC  HEART T-LIGHT HOLDER","1"
"POCKET BAG BLUE PAISLEY RED SPOT","4"
"RIBBONS PURSE ","1"
"CRAZY DAISY HEART DECORATION","1"
"PARTY CONES CANDY DECORATION","1"
"WALL ART ONLY ONE PERSON ","1"
"TRADITIONAL MODELLING CLAY","1"
"BLUE PAISLEY JOURNAL ","3"
"URBAN BLACK RIBBONS ","7"
"RED RETROSPOT TISSUE BOX","4"
"FOLDING UMBRELLA RED/WHITE POLKADOT","5"
"HANGING HEART ZINC T-LIGHT HOLDER","2"
"BLUE SPOT CERAMIC DRAWER KNOB","12"
"SMALL CHINESE STYLE SCISSOR","3"
"FELTCRAFT CUSHION BUTTERFLY","1"
"SPOTTY PINK DUCK DOORSTOP","2"
"SET OF 4 NAPKIN CHARMS HEARTS","1"
"WRAP GINGHAM ROSE ","2"
"ROUND SNACK BOXES SET OF4 WOODLAND ","112"
"WOODLAND MINI BACKPACK","18"
"DOORMAT KEEP CALM AND COME IN","6"
"EDWARDIAN PARASOL PINK","9"
"GIN AND TONIC MUG","2"
"PAPER POCKET TRAVELING FAN ","1"
"ANIMAL STICKERS","3"
"WRAP BILLBOARD FONTS DESIGN","1"
"PARTY INVITES SPACEMAN","3"
"DOG BOWL VINTAGE CREAM","1"
"SET OF 4 KNICK KNACK TINS POPPIES","7"
"VINTAGE DOILY TRAVEL SEWING KIT","7"
"RAIN PONCHO RETROSPOT","13"
"TEA TIME DES TEA COSY","1"
"PINK PADDED MOBILE","4"
"SET OF 16 VINTAGE PISTACHIO CUTLERY","5"
"GRASS HOPPER WOODEN WALL CLOCK ","4"
"WALL ART 70'S ALPHABET ","1"
"ASSTD FRUIT+FLOWERS FRIDGE MAGNETS","2"
"BAG 125g SWIRLY MARBLES","2"
"ROLL WRAP VINTAGE SPOT ","3"
"CLASSIC METAL BIRDCAGE PLANT HOLDER","2"
"JUMBO BAG DOLLY GIRL DESIGN","1"
"TEA PARTY  WRAPPING PAPER ","5"
"JAM MAKING SET WITH JARS","23"
"BOHEMIAN COLLAGE STATIONERY SET","3"
"MEMO BOARD RETROSPOT  DESIGN","12"
"CERAMIC CAKE STAND + HANGING CAKES","2"
"VINTAGE RED ENAMEL TRIM MUG ","2"
"HOLIDAY FUN LUDO","4"
"BLACK/BLUE POLKADOT UMBRELLA","9"
"WOOD S/3 CABINET ANT WHITE FINISH","2"
"WOODLAND BUNNIES LOLLY MAKERS","8"
"SET OF 72 SKULL PAPER  DOILIES","2"
"RED RETROSPOT PLATE ","21"
"PIN CUSHION BABUSHKA PINK","3"
"CARDHOLDER GINGHAM CHRISTMAS TREE","2"
"RED RETROSPOT LUGGAGE TAG","2"
"RECYCLED ACAPULCO MAT PINK","9"
"SET OF 20 VINTAGE CHRISTMAS NAPKINS","3"
"EGG CUP MILKMAID INGRID","2"
"WHITE HANGING HEART T-LIGHT HOLDER","1"
"PARLOUR CERAMIC WALL HOOK","1"
"HANGING QUILTED PATCHWORK APPLES","9"
"HOT WATER BOTTLE TEA AND SYMPATHY","4"
"PARISIENNE KEY CABINET ","5"
"BLUE POLKADOT CUP","22"
"ALARM CLOCK BAKELIKE GREEN","14"
"CHILDRENS CUTLERY CIRCUS PARADE","16"
"POTTING SHED SEED ENVELOPES","2"
"CAKE PLATE LOVEBIRD WHITE","6"
"TV DINNER TRAY AIR HOSTESS ","3"
"FUNKY MONKEY GIFT BAG MEDIUM","2"
"SMALL PURPLE BABUSHKA NOTEBOOK ","1"
"WHITE WICKER STAR ","1"
"ROLL WRAP VINTAGE CHRISTMAS","4"
"WALL ART WORK REST AND PLAY  ","1"
"VINTAGE LEAF CHOPPING BOARD  ","1"
"SPACEBOY TV DINNER TRAY","4"
"EASTER CRAFT 4 CHICKS ","2"
"HANGING WOOD AND FELT BUTTERFLY ","1"
"ANGEL DECORATION PAINTED ZINC ","2"
"SET OF SKULL WALL STICKERS","1"
"REVOLVER WOODEN RULER ","7"
"CHILDRENS CUTLERY POLKADOT BLUE","9"
"BAKING MOULD HEART MILK CHOCOLATE","2"
"BOTTLE BAG RETROSPOT ","4"
"RED COAT RACK PARIS FASHION","3"
"CERAMIC CHERRY CAKE MONEY BANK","2"
"PINK FEATHERS CURTAIN","2"
"GARAGE KEY FOB","1"
"JUMBO  BAG BAROQUE BLACK WHITE","3"
"WRAP VINTAGE PETALS  DESIGN","4"
"LUNCH BAG RED VINTAGE DOILY","1"
"VINTAGE UNION JACK BUNTING","1"
"PACK OF 12 STICKY BUNNIES","2"
"CARD WEDDING DAY","2"
"VINTAGE CREAM CAT FOOD CONTAINER","2"
"HOME SWEET HOME CUSHION COVER ","1"
"DOLLY GIRL CHILDRENS BOWL","14"
"SET OF 6 TEA TIME BAKING CASES","12"
"RED DINER WALL CLOCK","3"
"BAKING SET SPACEBOY DESIGN","10"
"SET 12 KIDS  WHITE CHALK STICKS","4"
"PACK OF 20 SPACEBOY NAPKINS","3"
"STRAWBERRY HONEYCOMB  GARLAND ","6"
"LARGE ANTIQUE WHITE PHOTO FRAME","2"
"PENS ASSORTED FUNKY JEWELED ","2"
"SET OF 72 PINK HEART PAPER DOILIES","10"
"SAVE THE PLANET MUG","7"
"CHARLOTTE BAG PINK POLKADOT","11"
"50'S CHRISTMAS PAPER GIFT BAG","4"
"FOLDING UMBRELLA CREAM POLKADOT","1"
"EMPIRE UNION JACK TV DINNER TRAY","1"
"PANTRY HOOK BALLOON WHISK ","1"
"ASSORTED TUTTI FRUTTI BRACELET","1"
"PACK OF 12 TRADITIONAL CRAYONS","9"
"PACK OF 12 DOLLY GIRL TISSUES","1"
"PAIR OF ENAMEL BUTTERFLY HAIRCLIP","1"
"3D VINTAGE CHRISTMAS STICKERS ","1"
"SMALL PINK MAGIC CHRISTMAS TREE","1"
"SET OF 6 T-LIGHTS EASTER CHICKS","1"
"BLUE FLOWER DES PURSE","1"
"CURIO CABINET LINEN AND LACE ","1"
"DECORATIVE ROSE BATHROOM BOTTLE","1"
"POPART RECT PENCIL SHARPENER ASST","1"
"TREASURE TIN GYMKHANA DESIGN","9"
"CHARLIE+LOLA PINK HOT WATER BOTTLE","3"
"ALARM CLOCK BAKELIKE PINK","29"
"HOT WATER BOTTLE KEEP CALM","6"
"SMALL POPCORN HOLDER","8"
"RED RETROSPOT WRAP ","11"
"PACK OF 12 BLUE PAISLEY TISSUES ","1"
"SET 12 RETRO WHITE CHALK STICKS","5"
"CHRISTMAS STAR WISH LIST CHALKBOARD","1"
"CHARLOTTE BAG VINTAGE ALPHABET ","13"
"ANT COPPER TURQ BOUDICCA BRACELET","1"
"SKULLS  STICKERS","3"
"WHITE GOOSE FEATHER CHRISTMAS TREE ","1"
"CREAM WALL PLANTER HEART SHAPED","1"
"2 PICTURE BOOK EGGS EASTER BUNNY","1"
"FAIRY SOAP SOAP HOLDER","1"
"MINI FUNKY DESIGN TAPES","5"
"REGENCY CAKESTAND 3 TIER","78"
"FUNKY DIVA PEN","12"
"LUNCH BAG VINTAGE DOILY ","4"
"SCOTTIE DOG HOT WATER BOTTLE","8"
"LUNCH BAG VINTAGE LEAF DESIGN","9"
"LUNCH BAG PINK POLKADOT","12"
"MAGNETS PACK OF 4 VINTAGE LABELS ","6"
"MOCK LOBSTER FRIDGE MAGNET","2"
"ASSTD DESIGN 3D PAPER STICKERS","1"
"GIRLS VINTAGE TIN SEASIDE BUCKET","2"
"STORAGE TIN HOME SWEET HOME","2"
"BLUE POLKADOT WASHING UP GLOVES","1"
"BATH BUILDING BLOCK WORD","1"
"FELTCRAFT BUTTERFLY HEARTS","2"
"ALARM CLOCK BAKELIKE RED ","19"
"CAKE STAND 3 TIER MAGIC GARDEN","13"
"SET OF 3 CAKE TINS PANTRY DESIGN ","28"
"CARD PSYCHEDELIC APPLES","7"
"ENCHANTED BIRD COATHANGER 5 HOOK","4"
"DOORMAT TOPIARY","2"
"MAKE YOUR OWN MONSOON CARD KIT","3"
"JUMBO BAG VINTAGE DOILY ","8"
"RED RETROSPOT BUTTER DISH","8"
"VICTORIAN  METAL POSTCARD SPRING","3"
"SET/4 BADGES BALLOON GIRL","3"
"BABY BOOM RIBBONS ","3"
"ANT COPPER LIME BOUDICCA BRACELET","1"
"CLAM SHELL SMALL ","1"
"WALL ART BICYCLE SAFETY","1"
"GINGHAM HEART  DOORSTOP RED","3"
"YELLOW COAT RACK PARIS FASHION","1"
"PINK  HEART SHAPE LOVE BUCKET ","3"
"BLUE POLKADOT COFFEE MUG","3"
"MINI LADLE LOVE HEART PINK","3"
"RED RETROSPOT MINI CASES","27"
"ICON PLACEMAT POP ART ELVIS","1"
"WOODLAND STORAGE BOX SMALL","6"
"HEART T-LIGHT HOLDER WILLIE WINKIE","4"
"SET OF 12 MINI LOAF BAKING CASES","17"
"MULTICOLOUR 3D BALLS GARLAND","1"
"PARTY PIZZA DISH RED RETROSPOT","4"
"RED POLKADOT PUDDING BOWL","1"
"ENAMEL COLANDER CREAM","1"
"DOLLY GIRL BABY GIFT SET","1"
"LARGE STRIPES CHOCOLATE GIFT BAG","1"
"KNITTED UNION FLAG HOT WATER BOTTLE","2"
"RED DRAWER KNOB ACRYLIC EDWARDIAN","1"
"SET OF 12  VINTAGE POSTCARD SET","3"
"10 COLOUR SPACEBOY PEN","11"
"TRADITIONAL KNITTING NANCY","10"
"APPLE BATH SPONGE","4"
"TEA TIME TEA SET IN GIFT BOX","2"
"SET OF 3 WOODEN TREE DECORATIONS","3"
"REGENCY MILK JUG PINK ","4"
"TREASURE TIN BUFFALO BILL ","6"
"VICTORIAN SEWING BOX LARGE","2"
"GLASS CLOCHE SMALL","2"
"WRAP POPPIES  DESIGN","6"
"WRAP  VINTAGE DOILY ","3"
"ICE CREAM PEN LIP GLOSS ","4"
"EASTER TIN BUNNY BOUQUET","7"
"BUTTERFLIES STICKERS","1"
"DOLLY GIRL MINI BACKPACK","2"
"WOODEN ADVENT CALENDAR CREAM","1"
"JUMBO BAG ALPHABET","7"
"LE JARDIN BOTANIQUE CUSHION COVER","3"
"FAIRY CAKE DESIGN UMBRELLA","6"
"12 PENCILS TALL TUBE RED RETROSPOT","4"
"DOORSTOP RETROSPOT HEART","3"
"VINTAGE RED TRIM ENAMEL BOWL ","2"
"SET OF 4 NAPKIN CHARMS CUTLERY","1"
"CLEAR DRAWER KNOB ACRYLIC EDWARDIAN","2"
"RED REFECTORY CLOCK ","5"
"LETTER HOLDER HOME SWEET HOME","1"
"FELTCRAFT PRINCESS LOLA DOLL","3"
"RED HEART SHAPE LOVE BUCKET ","3"
"MORE BUTTER METAL SIGN ","1"
"RIBBON REEL HEARTS DESIGN ","5"
"SET/3 RED GINGHAM ROSE STORAGE BOX","9"
"JUMBO BAG PAISLEY PARK","3"
"CHARLIE + LOLA RED HOT WATER BOTTLE","1"
"MEMO BOARD COTTAGE DESIGN","24"
"PEG BAG APPLES DESIGN","7"
"CARD MOTORBIKE SANTA","3"
"CLASSIC CAFE SUGAR DISPENSER","4"
"VINTAGE UNION JACK APRON","1"
"WRAP RED VINTAGE DOILY","6"
"ZINC  STAR T-LIGHT HOLDER ","1"
"EGG CUP MILKMAID HELGA ","1"
"LARGE DECO JEWELLERY STAND","1"
"SET OF 6 HALLOWEEN GHOST T-LIGHTS","1"
"EMBROIDERED RIBBON REEL RUBY ","1"
"WALL TIDY RETROSPOT ","15"
"CARD CIRCUS PARADE","16"
"BOTANICAL GARDENS WALL CLOCK ","2"
"SKETCHBOOK MAGNETIC SHOPPING LIST","13"
"JUMBO BAG VINTAGE LEAF","10"
"ABC TREASURE BOOK BOX ","2"
"DRAWER KNOB CERAMIC IVORY","6"
"PINK 3 PIECE POLKADOT CUTLERY SET","3"
"12 RED ROSE PEG PLACE SETTINGS","1"
"LOVE BUILDING BLOCK WORD","1"
"JIGSAW RABBIT AND BIRDHOUSE","3"
"CARTOON  PENCIL SHARPENERS","1"
"CALENDAR PAPER CUT DESIGN","2"
"PINK KNITTED EGG COSY","1"
"BISCUIT TIN VINTAGE RED","1"
"MOROCCAN TEA GLASS","1"
"SKULL SHOULDER BAG","1"
"WRAP PAISLEY PARK ","3"
"MINI PAINT SET VINTAGE ","15"
"SET OF 36 PAISLEY FLOWER DOILIES","8"
"FRYING PAN BLUE POLKADOT","1"
"RED TOADSTOOL LED NIGHT LIGHT","45"
"PACK OF 72 RETROSPOT CAKE CASES","37"
"RETROSPOT LAMP","3"
"RED GINGHAM TEDDY BEAR ","2"
"200 RED + WHITE BENDY STRAWS","1"
"SMALL SKULL WINDMILL","3"
"WOODEN CROQUET GARDEN SET","5"
"RED BOUDICCA LARGE BRACELET","1"
"MOTORING TISSUE BOX","2"
"MOTHER'S KITCHEN SPOON REST ","3"
"IVORY CAFE HANGING LAMP ","1"
"SMALL DECO JEWELLERY STAND","1"
"Manual","16"
"WOOD STAMP SET THANK YOU","2"
"CHILDRENS APRON APPLES DESIGN","19"
"SET OF 2 TEA TOWELS APPLE AND PEARS","21"
"PACK 3 BOXES BIRD PANNETONE ","15"
"AREA PATROLLED METAL SIGN","2"
"GLASS JAR ENGLISH CONFECTIONERY","1"
"CHOCOLATE HOT WATER BOTTLE","3"
"MEASURING TAPE BABUSHKA BLUE","3"
"PINK HAPPY BIRTHDAY BUNTING","9"
"WRAP FLOWER SHOP  ","2"
"BROWN KUKUI COCONUT SEED NECKLACE","1"
"DOORMAT ENGLISH ROSE ","6"
"SET 12 COLOURING PENCILS DOILY","2"
"CHILDRENS GARDEN GLOVES PINK","1"
"FRENCH ENAMEL UTENSIL HOLDER","1"
"BAG 250g SWIRLY MARBLES","1"
"ENAMEL WASH BOWL CREAM","1"
"TRADTIONAL ALPHABET STAMP SET","6"
"SET OF 4 KNICK KNACK TINS DOILY ","21"
"SET3 BOOK BOX GREEN GINGHAM FLOWER ","4"
"TOAST ITS - I LOVE YOU ","2"
"OFFICE MUG WARMER BLACK+SILVER ","2"
"LIPSTICK PEN RED","12"
"WHITE SKULL HOT WATER BOTTLE ","4"
"KEY CABINET MA CAMPAGNE","2"
"RED RETROSPOT PICNIC BAG","14"
"DOVE DECORATION PAINTED ZINC ","1"
"12 IVORY ROSE PEG PLACE SETTINGS","1"
"RETROSPOT CIGAR BOX MATCHES ","3"
"REGENCY TEA PLATE GREEN ","2"
"BAG 500g SWIRLY MARBLES","2"
"DAISIES  HONEYCOMB GARLAND ","1"
"TRAVEL CARD WALLET VINTAGE ROSE ","1"
"BLUE REFECTORY CLOCK ","3"
"SET 10 NIGHT OWL LIGHTS","3"
"6 RIBBONS RUSTIC CHARM","47"
"RED RETROSPOT BIG BOWL","1"
"WHITE WOOD GARDEN PLANT LADDER","5"
"FELTCRAFT PRINCESS OLIVIA DOLL","4"
"PENS ASSORTED SPACEBALL","2"
"DOORSTOP FOOTBALL DESIGN","2"
"SET OF 3 HANGING OWLS OLLIE BEAK","3"
"POCKET BAG PINK PAISELY BROWN SPOT","3"
"DAIRY MAID LARGE MILK JUG","1"
"SWALLOW WOODEN CHRISTMAS DECORATION","2"
"PACK OF 6 HANDBAG GIFT BOXES","3"
"FIVE HEART HANGING DECORATION","5"
"12 PINK HEN+CHICKS IN BASKET","2"
"YOU'RE CONFUSING ME METAL SIGN ","1"
"FAIRY TALE COTTAGE NIGHT LIGHT","2"
"WRAP CHRISTMAS SCREEN PRINT","1"
"REGENCY CAKE FORK","1"
"LAUREL STAR ANTIQUE SILVER ","1"
"WOOD STAMP SET HAPPY BIRTHDAY","4"
"SET OF 3 WOODEN HEART DECORATIONS","3"
"COSMETIC BAG VINTAGE ROSE PAISLEY","1"
"SET OF 4 NAPKIN CHARMS 3 KEYS ","1"
"PINK STITCHED WALL CLOCK","1"
"SET/4 BADGES DOGS","3"
"PLAYING CARDS KEEP CALM & CARRY ON","1"
"SKULLS GREETING CARD","2"
"RED APPLES CHOPPING BOARD   ","2"
"FRYING PAN RED RETROSPOT","11"
"RETROSPOT BABUSHKA DOORSTOP","3"
"LUNCH BAG RED RETROSPOT","20"
"FAIRY CAKES NOTEBOOK A6 SIZE","1"
"WRAP PINK FAIRY CAKES ","4"
"PACK OF 20 SKULL PAPER NAPKINS","6"
"IVORY KITCHEN SCALES","23"
"VINTAGE RED ENAMEL TRIM PLATE","1"
"HEART STRING MEMO HOLDER HANGING","1"
"SET OF 3 HEART COOKIE CUTTERS","5"
"TOY TIDY SPACEBOY  ","5"
"VINTAGE CARAVAN GREETING CARD ","1"
"SCOTTIE DOGS BABY BIB","2"
"CREAM FELT EASTER EGG BASKET","1"
"IVORY GIANT GARDEN THERMOMETER","2"
"EASTER TREE YELLOW BIRDS","1"
"PACK OF 6 BIRDY GIFT TAGS","17"
"CARD GINGHAM ROSE ","4"
"PACK OF 60 SPACEBOY CAKE CASES","8"
"ROUND CAKE TIN VINTAGE RED","2"
"TEA TIME KITCHEN APRON","3"
"RED VINTAGE SPOT BEAKER","14"
"ENAMEL FLOWER JUG CREAM","8"
"PAPERWEIGHT CHILDHOOD MEMORIES","1"
"FELTCRAFT DOLL MARIA","1"
"PINK  POLKADOT PLATE ","12"
"PINK CANDYSTUFT ARTIFICIAL FLOWER","1"
"CARAVAN SQUARE TISSUE BOX","1"
"3 TIER SWEETHEART GARDEN SHELF","1"
"CREAM SWEETHEART MINI CHEST","1"
"CHRISTMAS GINGHAM STAR","2"
"HOT STUFF HOT WATER BOTTLE","1"
"BLACK RECORD COVER FRAME","5"
"POPPY'S PLAYHOUSE BEDROOM ","9"
"SET OF 16 VINTAGE SKY BLUE CUTLERY","4"
"12 PENCILS TALL TUBE WOODLAND","10"
"TRAVEL CARD WALLET VINTAGE LEAF","2"
"SET OF 3 NOTEBOOKS IN PARCEL","5"
"SET/4 BADGES CUTE CREATURES","2"
"SINGLE ANTIQUE ROSE HOOK IVORY","2"
"""RECORD FRAME 7"""" SINGLE SIZE ""","1"
"PACK OF 12 PINK PAISLEY TISSUES ","3"
"SET OF 2 TRAYS HOME SWEET HOME","1"
"RECYCLED ACAPULCO MAT RED","7"
"BUNNY DECORATION MAGIC GARDEN","1"
"SET OF 4 CAROUSEL PLACEMATS ","1"
"SET/10 PINK POLKADOT PARTY CANDLES","15"
"DOORMAT AIRMAIL ","6"
"ROBOT BIRTHDAY CARD","15"
"ASSORTED EASTER GIFT TAGS","5"
"LARGE HEART MEASURING SPOONS","4"
"FANCY FONTS BIRTHDAY WRAP","2"
"BOYS VINTAGE TIN SEASIDE BUCKET","4"
"MULTICOLOUR SPRING FLOWER MUG","2"
"GLASS JAR DIGESTIVE BISCUITS","1"
"DOLLY GIRL CHILDRENS EGG CUP","1"
"WHITE SPOT RED CERAMIC DRAWER KNOB","24"
"PAPER LANTERN 9 POINT SNOW STAR ","1"
"FELTCRAFT DOLL ROSIE","7"
"SET OF 6 SOLDIER SKITTLES","6"
"SOMBRERO ","2"
"MAGIC DRAWING SLATE BUNNIES ","4"
"S/6 WOODEN SKITTLES IN COTTON BAG","2"
"TREE T-LIGHT HOLDER WILLIE WINKIE","1"
"SET OF 6 3D KIT CARDS FOR KIDS","7"
"GLASS  SONGBIRD STORAGE JAR","3"
"SANDALWOOD FAN","1"
"REGENCY TEA PLATE PINK","3"
"DRAWER KNOB VINTAGE GLASS STAR","1"
"RED RETRO KITCHEN WALL CLOCK","1"
"DOORMAT HOME SWEET HOME BLUE ","1"
"MAGIC DRAWING SLATE LEAP FROG ","1"
"FLOWERS CHANDELIER T-LIGHT HOLDER","1"
"SMALL POLKADOT CHOCOLATE GIFT BAG ","1"
"ENGLISH ROSE GARDEN SECATEURS","1"
"RETRO PLASTIC ELEPHANT TRAY","8"
"PACK OF 60 DINOSAUR CAKE CASES","5"
"HANGING HEART WITH BELL","1"
"JUNGLE POPSICLES ICE LOLLY HOLDERS","1"
"STRAWBERRY LUNCH BOX WITH CUTLERY","37"
"CAKE STAND WHITE TWO TIER LACE","9"
"DELUXE SEWING KIT ","9"
"PENNY FARTHING BIRTHDAY CARD","6"
"GEORGIAN TRINKET BOX","2"
"GLASS  BEURRE DISH","13"
"SPACEBOY BEAKER","10"
"MAGNETS PACK OF 4 HOME SWEET HOME","3"
"MAGIC TREE -PAPER FLOWERS","2"
"RED  EGG  SPOON","2"
"LETS GO SHOPPING COTTON TOTE BAG","2"
"STRAWBERRY SHOPPER BAG","2"
"CHILDRENS GARDEN GLOVES BLUE","1"
"PICNIC BASKET WICKER LARGE","1"
"RETROSPOT CANDLE  SMALL","1"
"SPACEBOY MINI BACKPACK","12"
"VINTAGE LEAF MAGNETIC NOTEPAD","6"
"SET 7 BABUSHKA NESTING BOXES","12"
"FELT FARM ANIMAL WHITE BUNNY ","3"
"JAM JAR WITH PINK LID","33"
"FOLKART CLIP ON STARS","1"
"PARTY TIME PENCIL ERASERS","3"
"DOUGHNUT LIP GLOSS ","5"
"RECYCLED ACAPULCO MAT BLUE","6"
"FIVE CATS HANGING DECORATION","3"
"APOTHECARY MEASURING JAR","1"
"SET OF 4 POLKADOT PLACEMATS ","2"
"GENTLEMAN SHIRT REPAIR KIT ","2"
"EMBROIDERED RIBBON REEL SUSIE ","3"
"SET/3 CHRISTMAS DECOUPAGE CANDLES","1"
"CHRISTMAS TREE PAINTED ZINC ","1"
"NO SINGING METAL SIGN","2"
"CREAM CUPID HEARTS COAT HANGER","3"
"SET OF 6 SPICE TINS PANTRY DESIGN","12"
"MAKE YOUR OWN PLAYTIME CARD KIT","2"
"MR ROBOT SOFT TOY","3"
"PLASTERS IN TIN SKULLS","11"
"36 FOIL HEART CAKE CASES","6"
"FRENCH ENAMEL CANDLEHOLDER","8"
"PINK VINTAGE SPOT BEAKER","11"
"SET OF 3 WOODEN SLEIGH DECORATIONS","4"
"CAKE STAND LOVEBIRD 2 TIER PINK","5"
"BLUE 3 PIECE POLKADOT CUTLERY SET","2"
"POPPY'S PLAYHOUSE LIVINGROOM ","6"
"OVERNIGHT BAG VINTAGE ROSE PAISLEY","5"
"RECYCLED ACAPULCO MAT LAVENDER","8"
" RED SPOT GIFT BAG LARGE","3"
"""ASSORTED FLOWER COLOUR """"LEIS""""""","1"
"NECKLACE+BRACELET PINK BUTTERFLY","2"
"LUNCH BAG DOLLY GIRL DESIGN","4"
"ENAMEL PINK TEA CONTAINER","3"
"CERAMIC HEART FAIRY CAKE MONEY BANK","1"
"BLACK AND WHITE CAT BOWL","1"
"4 TRADITIONAL SPINNING TOPS","11"
"BLUE PAISLEY SKETCHBOOK","2"
"WRAP BAD HAIR DAY","3"
"CERAMIC BOWL WITH STRAWBERRY DESIGN","3"
"TRIPLE HOOK ANTIQUE IVORY ROSE","3"
"WOODEN FRAME ANTIQUE WHITE ","7"
"SET 3 PAPER VINTAGE CHICK PAPER EGG","10"
"BASKET OF TOADSTOOLS","4"
"SPACEBOY CHILDRENS BOWL","20"
"GREEN VINTAGE SPOT BEAKER","11"
"BLUE TABLE RUN FLOWER","1"
"BALLOON WATER BOMB PACK OF 35","2"
"STAR WOODEN CHRISTMAS DECORATION","2"
"GROW A FLYTRAP OR SUNFLOWER IN TIN","1"
"TEA BAG PLATE RED RETROSPOT","1"
"CHRISTMAS METAL POSTCARD WITH BELLS","1"
"MINI JIGSAW BAKE A CAKE ","1"
"GARDEN PATH SKETCHBOOK","1"
"SPACEBOY BIRTHDAY CARD","21"
"SMOKEY GREY COLOUR GLASS","1"
"WRAP WEDDING DAY","2"
"JUMBO BAG PINK VINTAGE PAISLEY","9"
"JUMBO BAG 50'S CHRISTMAS ","13"
"SET OF 12 FAIRY CAKE BAKING CASES","19"
"RIBBON REEL CHRISTMAS PRESENT ","4"
"GUMBALL MAGAZINE RACK","6"
"TOOTHPASTE TUBE PEN","3"
"WOODEN TREE CHRISTMAS SCANDINAVIAN","4"
"RED RETROSPOT APRON ","6"
"PINK POLKADOT BOWL","10"
"DANISH ROSE TRINKET TRAYS","1"
"CHRISTMAS GINGHAM HEART","1"
"STAR DECORATION PAINTED ZINC ","1"
"RED STAR CARD HOLDER","1"
"PANTRY MAGNETIC  SHOPPING LIST","22"
"SET OF 5 LUCKY CAT MAGNETS ","11"
"PACK OF 12 50'S CHRISTMAS TISSUES","3"
"FRENCH STYLE EMBOSSED HEART CABINET","3"
"PARTY BUNTING","5"
"DOORMAT UNION JACK GUNS AND ROSES","1"
"SKULL LUNCH BOX WITH CUTLERY ","25"
"STAR WREATH DECORATION WITH BELL","7"
"SKULLS  WATER TRANSFER TATTOOS ","1"
"BELLE JARDINIERE CUSHION COVER","4"
"BIRTHDAY BANQUET GIFT WRAP","1"
"AIRLINE BAG VINTAGE JET SET BROWN","4"
"SMALL APOTHECARY MEASURING JAR ","1"
"SET 12 VINTAGE DOILY CHALK ","1"
"12 COLOURED PARTY BALLOONS","2"
"MINI PLAYING CARDS GYMKHANA","3"
"GLASS JAR MARMALADE ","1"
"TEA TIME TEAPOT IN GIFT BOX","5"
"RED RETROSPOT OVEN GLOVE DOUBLE","4"
"SET OF 2 CERAMIC CHRISTMAS TREES","1"
"SET 6 FOOTBALL CELEBRATION CANDLES","7"
"PINK HEART SHAPE EGG FRYING PAN","3"
"ENGLISH ROSE HOT WATER BOTTLE","7"
"MULTI COLOUR SILVER T-LIGHT HOLDER","7"
"RIBBON REEL STRIPES DESIGN ","6"
"BLACK KITCHEN SCALES","7"
"SET/6 COLLAGE PAPER PLATES","3"
"SPACE FROG","1"
"SET/4 BIRD MIRROR MAGNETS ","2"
"FRENCH STYLE STORAGE JAR CAFE ","1"
"PACK OF 6 PANETTONE GIFT BOXES","1"
"PAPERWEIGHT SAVE THE PLANET","1"
"RABBIT NIGHT LIGHT","19"
"WRAP I LOVE LONDON ","2"
"JAM JAR WITH GREEN LID","19"
"PACK 3 BOXES CHRISTMAS PANNETONE","7"
"MUM'S KITCHEN CLOCK","4"
"WRAP CAROUSEL","1"
"CHRISTMAS CRAFT TREE TOP ANGEL","5"
"TRADITIONAL CHRISTMAS RIBBONS","4"
"HOME SWEET HOME BOTTLE ","1"
"MAGIC GARDEN FELT GARLAND ","1"
"SWEETHEART 3 TIER CAKE STAND ","7"
"GREEN POLKADOT PLATE ","7"
"JAM MAKING SET PRINTED","40"
"ROTATING LEAVES T-LIGHT HOLDER","4"
"MAGIC DRAWING SLATE DINOSAUR","4"
" SET 2 TEA TOWELS I LOVE LONDON ","5"
"SET OF 12 FORK CANDLES","4"
"SPOTTY BUNTING","17"
"SMALL HEART MEASURING SPOONS","2"
"SWISS CHALET TREE DECORATION ","2"
"ROSE COTTAGE KEEPSAKE BOX ","15"
"PACK OF 12 PAISLEY PARK TISSUES ","2"
"PACK 3 IRON ON DOG PATCHES","1"
"HOT WATER BOTTLE SEX BOMB","1"
"REX CASH+CARRY JUMBO SHOPPER","1"
"SET/6 PINK  BUTTERFLY T-LIGHTS","1"
"PACK OF 12 COLOURED PENCILS","1"
"EMBROIDERED RIBBON REEL RACHEL ","1"
"CHRISTMAS CRAFT LITTLE FRIENDS","11"
"SAVE THE PLANET COTTON TOTE BAG","18"
"SET OF 4 KNICK KNACK TINS DOILEY ","15"
"PACK OF 6 SKULL PAPER CUPS","6"
"GLASS APOTHECARY BOTTLE PERFUME","1"
"DARK BIRD HOUSE TREE DECORATION","1"
"CARD DOG AND BALL ","1"
"ZINC FOLKART SLEIGH BELLS","2"
"RED ROCKING HORSE HAND PAINTED","4"
"COLOUR GLASS T-LIGHT HOLDER HANGING","2"
"BLUE  TILE HOOK","1"
"RED RETROSPOT SMALL MILK JUG","5"
"FRENCH ENAMEL WATER BASIN","1"
"SKULLS TAPE","3"
"COWBOYS AND INDIANS BIRTHDAY CARD ","9"
"PICNIC BOXES SET OF 3 RETROSPOT ","6"
"SET OF 6 GIRLS CELEBRATION CANDLES","3"
"SET OF 2 CHRISTMAS DECOUPAGE CANDLE","1"
"REGENCY SUGAR BOWL GREEN","9"
"SILVER STARS TABLE DECORATION","3"
"SET/2 RED RETROSPOT TEA TOWELS ","12"
"COTTON APRON PANTRY DESIGN","5"
"16 PIECE CUTLERY SET PANTRY DESIGN","3"
"BIRD HOUSE HOT WATER BOTTLE","3"
"RED POLKADOT BEAKER ","5"
"PIN CUSHION BABUSHKA RED","2"
"BLACK ENAMEL FLOWER RING","1"
"FELT EGG COSY BLUE RABBIT ","1"
"JINGLE BELL HEART ANTIQUE SILVER","2"
"TOADSTOOL MONEY BOX","14"
"PANTRY SCRUBBING BRUSH","12"
"KNICKERBOCKERGLORY MAGNET ASSORTED ","11"
"3 DRAWER ANTIQUE WHITE WOOD CABINET","2"
"BIRD DECORATION RED RETROSPOT","4"
"WOODEN OWLS LIGHT GARLAND ","7"
"STRAWBERRY RAFFIA FOOD COVER","1"
"36 PENCILS TUBE WOODLAND","13"
"MEDIUM MEDINA STAMPED METAL BOWL ","1"
"MAGIC DRAWING SLATE DOLLY GIRL ","3"
"STRAWBERRY   PICNIC BAG","6"
"DRAWER KNOB VINTAGE GLASS HEXAGON","1"
"BLUE/CREAM STRIPE CUSHION COVER ","1"
"MINI PLAYING CARDS DOLLY GIRL ","1"
"WRAP RED APPLES ","19"
"SET/10 BLUE POLKADOT PARTY CANDLES","13"
"WRAP GREEN PEARS ","5"
"ROUND SNACK BOXES SET OF 4 SKULLS","12"
"CARD SUKI BIRTHDAY","5"
"DOORMAT RESPECTABLE HOUSE","5"
"BLOSSOM IMAGES GIFT WRAP SET","3"
"WRAP MAGIC FOREST ","1"
"ZINC BOX SIGN HOME","1"
"S/6 SEW ON CROCHET FLOWERS","1"
"REGENCY TEA PLATE ROSES ","3"
"LARGE RED RETROSPOT WINDMILL","1"
"BLUE PAPER PARASOL ","2"
"GROW YOUR OWN BASIL IN ENAMEL MUG","1"
"SWALLOW SQUARE TISSUE BOX","1"
"SMALL GLASS HEART TRINKET POT","1"
"BLUE TEA TOWEL CLASSIC DESIGN","1"
