description,count
DRAWER KNOB CRACKLE GLAZE PINK,5
RED KITCHEN SCALES,27
RETROSPOT BABUSHKA DOORSTOP,3
"DINOSAURS  WRITING SET ",2
"EMBROIDERED RIBBON REEL EMILY ",2
TRADTIONAL ALPHABET STAMP SET,6
CHILDS BREAKFAST SET CIRCUS PARADE,26
PANTRY ROLLING PIN,5
FOLDING UMBRELLA BLACKBLUE POLKADOT,1
SET OF 6 SPICE TINS PANTRY DESIGN,12
4 TRADITIONAL SPINNING TOPS,11
WOODLAND SMALL RED FELT HEART,3
TRADITIONAL NAUGHTS & CROSSES,4
"LUNCH BAG PAISLEY PARK  ",3
"RIBBON REEL HEARTS DESIGN ",5
SET OF 4 KNICK KNACK TINS POPPIES,7
WOODLAND CHARLOTTE BAG,58
JUMBO BAG VINTAGE LEAF,10
STRAWBERRY RAFFIA FOOD COVER,1
FAMILY ALBUM WHITE PICTURE FRAME,5
ALARM CLOCK BAKELIKE CHOCOLATE,10
CHARLIE & LOLA WASTEPAPER BIN BLUE,3
PINK FAIRY CAKE CUSHION COVER,4
PARTY TIME PENCIL ERASERS,3
FUNKY DIVA PEN,12
BROWN KUKUI COCONUT SEED NECKLACE,1
"PACK OF 12 PAISLEY PARK TISSUES ",2
"PLASTERS IN TIN CIRCUS PARADE ",53
CHARLOTTE BAG APPLES DESIGN,30
TREE T-LIGHT HOLDER WILLIE WINKIE,1
LUNCH BAG APPLE DESIGN,28
SET/10 RED POLKADOT PARTY CANDLES,21
"ABC TREASURE BOOK BOX ",2
JAM MAKING SET WITH JARS,23
"RIBBON REEL CHRISTMAS PRESENT ",4
SET OF 6 RIBBONS VINTAGE CHRISTMAS,13
HEART T-LIGHT HOLDER WILLIE WINKIE,4
JUMBO BAG RED RETROSPOT,35
SINGLE ANTIQUE ROSE HOOK IVORY,2
"SET OF 4 KNICK KNACK TINS DOILY ",21
JUMBO SHOPPER VINTAGE RED PAISLEY,9
BIRD DECORATION GREEN POLKADOT,3
RECYCLED PENCIL WITH RABBIT ERASER,5
GUMBALL MAGAZINE RACK,6
"CHRISTMAS CRAFT WHITE FAIRY ",4
"PANTRY HOOK BALLOON WHISK ",1
PINK VINTAGE SPOT BEAKER,11
ANT COPPER PINK BOUDICCA BRACELET,1
PANTRY CHOPPING BOARD,4
JUMBO BAG SPACEBOY DESIGN,14